Pattern_ID,Pattern_Name,Pattern_Type,Description,Primary_Sources,Key_Documents,Scholarly_Note,Modern_Applications
RP001,Argument from Necessity,Rhetorical/Logical,"When a constitutional provision cannot be literally followed without destroying the Constitution itself, necessity permits — and the oath requires — deviation from the letter to preserve the spirit. Lincoln framed this as: 'Are all the laws, but one, to go unexecuted, and the government itself go to pieces, lest that one be violated?'",Message to Congress July 4 1861; Letter to Hodges (1864); Emancipation Proclamation preamble,Suspension of habeas corpus; military tribunals; Emancipation Proclamation,This is Lincoln's most consequential and dangerous rhetorical pattern. It has been invoked by every subsequent president claiming emergency powers. The key constraint Lincoln always added: the necessity must be temporary and proportionate.,Emergency powers; national security exceptions; executive overreach; pandemic powers
RP002,Historical Precedent from the Founding Generation,Rhetorical/Logical,"To establish constitutional meaning, Lincoln systematically surveyed what the Founding generation actually did — not just what they said. If the Founders regulated slavery in territories, that power exists; if they didn't, it doesn't. This is an originalist method avant la lettre.",Cooper Union Address (1860): surveys each of the 39 signers of the Constitution on their views of federal power over slavery in territories,Cooper Union Address (1860); various speeches on the Missouri Compromise,"This method anticipates modern originalism (Scalia, Thomas) but Lincoln used it to reach progressive conclusions. His method was empirical-historical, not purely textual.",Originalist interpretation; Founding-era intent; Second Amendment; Commerce Clause history
RP003,The Declaration as Interpretive Key,Rhetorical/Logical,"When the Constitution is ambiguous or silent, Lincoln turned to the Declaration of Independence as the authoritative statement of the Constitution's purpose. The Constitution must be read to advance, not undermine, the Declaration's equality principle.",Fragment on the Constitution and the Union (c.1860); Gettysburg Address (1863); Peoria Speech (1854),Gettysburg Address; First Inaugural Address,This pattern is the foundation of what scholars call 'constitutional redemption' — the idea that the Constitution's meaning must be progressively redeemed toward its founding ideals.,Equal protection; fundamental rights; constitutional purpose; living constitutionalism
RP004,The Wolf and Sheep Distinction,Rhetorical/Logical,"When two parties use the same constitutional term differently, Lincoln exposed the ambiguity by showing how the same word can mask opposite meanings. Famous example: 'We all declare for liberty; but in using the same word we do not all mean the same thing. With some the word liberty may mean for each man to do as he pleases with himself, and the product of his labor; while with others the same word may mean for some men to do as they please with other men, and the product of other men's labor.'","Address at Sanitary Fair, Baltimore (April 18, 1864)",Baltimore Address (1864),"This pattern is a form of conceptual disambiguation — Lincoln's lawyerly instinct to define terms before arguing from them. It's particularly effective in constitutional debates where contested terms (liberty, equality, rights) are used by both sides.",Constitutional interpretation; definitional disputes; freedom of speech limits; property rights vs. personal liberty
RP005,Appeal to Universal Principles Over Positive Law,Moral/Philosophical,Lincoln consistently argued that natural law and universal moral principles provide the ultimate standard for evaluating positive law. Laws that violate natural rights are not merely unjust — they are constitutionally suspect because the Constitution's purpose is to secure natural rights.,"Peoria Speech (1854): 'No man is good enough to govern another man, without that other's consent'; Cooper Union Address (1860); Gettysburg Address (1863)",Declaration of Independence; natural law tradition,Lincoln's natural law arguments were grounded in the Jeffersonian tradition but also influenced by his reading of Euclid and his legal training. He used mathematical/logical proofs as models for constitutional argument.,Natural rights; unenumerated rights; 9th Amendment; human dignity; international human rights
RP006,The Slippery Slope to Despotism,Rhetorical,"If the principle underlying a contested action is accepted, what is the logical endpoint? Lincoln used this to show that the logic of slavery — that some men may govern others without consent — leads inevitably to the destruction of all democratic government.",Peoria Speech (1854); First Inaugural Address (1861); various anti-slavery speeches,First Inaugural Address; Peoria Speech,"Lincoln was deeply influenced by the Lyceum Address's warning about the 'towering genius' who would subvert republican institutions. He consistently framed constitutional threats in terms of where the logic leads, not just the immediate case.",Slippery slope arguments; constitutional erosion; democratic backsliding; precedent-setting
RP007,Proportionality and Temporal Limitation,Constitutional Reasoning,Emergency measures must be proportionate to the emergency and explicitly temporary. Lincoln consistently framed his extraordinary measures as limited to the duration of the rebellion and subject to legislative ratification.,Message to Congress July 4 1861; Letter to Corning (1863); Habeas Corpus Act of 1863 (which Lincoln signed),Art. I §9 Cl. 2 (Suspension Clause); Commander-in-Chief Clause,"This pattern distinguishes Lincoln's emergency constitutionalism from pure executive absolutism. He sought — and obtained — congressional ratification of his emergency measures, and consistently framed them as temporary.",Emergency powers sunset provisions; war authorization; AUMF; executive-legislative balance
RP008,Moral Reckoning and Divine Providence,Moral/Philosophical,Lincoln increasingly framed constitutional questions within a providential moral framework — the nation's suffering was proportionate to its moral failures. This is not religious imposition but a rhetorical device for demanding moral accountability from the polity.,"Second Inaugural Address (1865): 'Yet, if God wills that it continue, until all the wealth piled by the bond-man's two hundred and fifty years of unrequited toil shall be sunk, and until every drop of blood drawn with the lash, shall be paid by another drawn with the sword...'",Second Inaugural Address (1865),The Second Inaugural is the most theologically sophisticated presidential address in American history. Lincoln's providential reasoning was a way of demanding that the nation reckon with the moral consequences of its constitutional choices.,Reparations; historical accountability; moral dimensions of law; restorative justice
RP009,The Interrogatory Trap,Dialectical,"Lincoln devised a set of pointed questions at Freeport (August 27, 1858) designed to force Douglas into a logical corner where any answer would alienate a critical portion of his political coalition. The most devastating was Lincoln's second question: 'Can the people of a United States Territory, in any lawful way, against the wish of any citizen of the United States, exclude slavery from its limits prior to the formation of a State Constitution?' Douglas's affirmative answer — the so-called Freeport Doctrine — preserved his Illinois Senate seat but fatally undermined his Southern Democratic support for 1860. Lincoln consciously sacrificed short-term electoral advantage to expose the irreconcilable tension between popular sovereignty and the Dred Scott decision, demonstrating that a well-constructed interrogatory can function as a long-term strategic weapon rather than a mere debate tactic.","Second Lincoln-Douglas Debate, Freeport, Illinois, August 27, 1858; Lincoln's preparatory notes for Freeport questions, August 1858","Lincoln-Douglas Debate at Freeport (1858), Dred Scott v. Sandford (1857), Lincoln's letter to Henry Asbury August 1858","Harry V. Jaffa in 'Crisis of the House Divided' (1959) argues that Lincoln's Freeport questions represent a masterwork of dialectical strategy, noting that Lincoln told advisors he would rather lose the Senate race than forfeit the opportunity to expose Douglas's untenable middle position between Dred Scott and popular sovereignty.","Senate confirmation hearings, presidential debate strategy, legislative committee questioning of agency officials, prosecutorial cross-examination technique, political opposition research"
RP010,Consent-Based Legitimacy Test,Moral/Philosophical,"Throughout the Peoria Speech (October 16, 1854) and the Lincoln-Douglas Debates, Lincoln applied a consistent legitimacy test derived from the Declaration of Independence: no law or policy governing a people is legitimate unless it rests on the consent of those governed. At Peoria he stated directly, 'No man is good enough to govern another man, without that other's consent. I say this is the leading principle — the sheet anchor of American republicanism,' using this axiom to expose slavery as a categorical violation of the republic's foundational logic. Lincoln extended this test to territorial governance, arguing that Douglas's popular sovereignty was internally incoherent because it granted consent to white settlers while categorically denying it to the enslaved population most directly affected by the policy.","Lincoln's Peoria Speech, October 16, 1854; First Lincoln-Douglas Debate, Ottawa, Illinois, August 21, 1858","Peoria Speech (1854), Kansas-Nebraska Act (1854), Declaration of Independence (1776), Ottawa Debate transcript (1858)","Don E. Fehrenbacher in 'Prelude to Greatness' (1962) identifies Lincoln's consent principle as the jurisprudential bridge connecting the Declaration to constitutional interpretation, arguing that Lincoln used it to reframe slavery not merely as a moral wrong but as a structural contradiction undermining republican self-government.","Voting rights litigation, indigenous sovereignty disputes, colonial self-determination arguments, administrative law challenges to unelected regulatory authority, democratic legitimacy theory in comparative constitutional law"
RP011,The Slippery Slope to Nationalization,Legal/Interpretive,"Lincoln constructed a sequential causal argument, most fully developed in the 'House Divided' speech (June 16, 1858) and elaborated throughout the debates, that permitting slavery's territorial expansion was not a stable equilibrium but an irreversible process terminating in the institution's nationalization. He identified four interlocking steps — the Kansas-Nebraska Act, Dred Scott, a hypothetical second Dred Scott decision eliminating state exclusion power, and congressional nationalization — as a coordinated 'machinery' built by Douglas, Pierce, Taney, and Buchanan. At the Galesburg debate (October 7, 1858) Lincoln pressed this argument by noting that if the logic of Dred Scott denied territories the power to exclude slavery, the same logic applied with equal force to states, making containment the only constitutionally coherent alternative to full nationalization. This pattern functions as a legal-predictive argument: present permissiveness creates future constitutional compulsion.","'House Divided' Speech, Springfield, Illinois, June 16, 1858; Fifth Lincoln-Douglas Debate, Galesburg, Illinois, October 7, 1858; Peoria Speech, October 16, 1854","House Divided Speech (1858), Galesburg Debate transcript (1858), Dred Scott v. Sandford (1857), Kansas-Nebraska Act (1854)","David Zarefsky in 'Lincoln Douglas and Slavery' (1990) analyzes this pattern as Lincoln's most sophisticated legal-predictive argument, demonstrating that Lincoln deliberately constructed the nationalization scenario not as hyperbole but as a logical extrapolation from existing judicial doctrine, forcing audiences to evaluate Dred Scott's implications rather than merely its holding.","Slippery slope analysis in constitutional adjudication, federalism preemption arguments, Second Amendment incorporation debates, incremental regulatory expansion challenges, judicial precedent cascade analysis"
RP012,Moral Equivalence Refusal,Rhetorical/Logical,"Douglas repeatedly attempted to collapse the distinction between Lincoln's position — opposing slavery's expansion while tolerating its existence where established — and radical abolitionism, seeking to make Lincoln unelectable in Illinois by associating him with racial equality and immediate emancipation. Lincoln's consistent counter-technique was to refuse the equivalence with surgical precision, restating his actual position in terms that preserved the moral condemnation of slavery while explicitly disavowing the political and social conclusions Douglas attributed to him. At Ottawa (August 21, 1858) Lincoln stated: 'I have no purpose to introduce political and social equality between the white and black races,' immediately followed by an insistence that the Negro 'is my equal and the equal of Judge Douglas, and the equal of every living man' in the natural rights enumerated in the Declaration — a distinction between civil-political equality and natural-moral equality that Douglas's framing deliberately obscured. This pattern demonstrates that precise definitional boundary-drawing is itself a form of moral argument, not a retreat from moral commitment.","First Lincoln-Douglas Debate, Ottawa, Illinois, August 21, 1858; Fourth Lincoln-Douglas Debate, Charleston, Illinois, September 18, 1858; Peoria Speech, October 16, 1854","Ottawa Debate transcript (1858), Charleston Debate transcript (1858), Douglas's Chicago Speech July 9 1858","George Anastaplo in 'Abraham Lincoln: A Constitutional Biography' (1999) argues that Lincoln's refusal of moral equivalence was not political cowardice but a principled insistence on the difference between natural rights — which Lincoln held to be universal — and civil rights, which he acknowledged were subject to political circumstance, a distinction rooted in his reading of the Declaration's philosophical architecture.","Originalism versus living constitutionalism debates, civil rights versus social rights distinctions in litigation, legislative floor debate strategy, judicial nominee confirmation hearings, media framing disputes in constitutional controversies"
RP013,The Self-Evident Truth Anchor,Structural,"Lincoln's most distinctive structural move in both the Peoria Speech and the Lincoln-Douglas Debates was to ground contested constitutional arguments in propositions he treated as axiomatically true and therefore requiring no evidentiary defense, drawing these axioms directly from the Declaration of Independence's opening propositions. By anchoring his argument in 'all men are created equal' as a self-evident truth, Lincoln shifted the burden of proof: those who would deny equal natural rights to any human being were required to disprove a foundational axiom of the republic, rather than Lincoln being required to prove equality. At Peoria he made this structural move explicit: 'I think the authors of that notable instrument intended to include all men, but they did not intend to declare all men equal in all respects... They defined with tolerable distinctness, in what respects they did consider all men created equal — equal in certain inalienable rights.' This anchoring technique transforms the Declaration from a historical document into a living constitutional interpretive standard that supersedes and evaluates ordinary legislation.","Lincoln's Peoria Speech, October 16, 1854; Seventh Lincoln-Douglas Debate, Alton, Illinois, October 15, 1858; Lincoln's fragment on the Constitution and the Union, circa January 1861","Peoria Speech (1854), Alton Debate transcript (1858), Declaration of Independence (1776), Lincoln's Fragment on the Constitution and Union (1861)","Garry Wills in 'Lincoln at Gettysburg' (1992) traces this anchoring technique through Lincoln's entire political career, arguing that Lincoln's interpretive innovation was to treat the Declaration as the preamble that gives the Constitution its moral meaning, effectively making the equality proposition a higher-law standard against which all constitutional provisions — including those tolerating slavery — must be measured and ultimately reconciled.","Natural law arguments in constitutional adjudication, unenumerated rights doctrine under the Ninth Amendment, international human rights law grounding, originalist versus natural rights debates, foundational premise identification in appellate brief construction"
